,precision,recall,f1-score,support
rRNA,0.896551724137931,0.9285714285714286,0.912280701754386,84.0
sRNA,0.90625,0.46774193548387094,0.6170212765957447,124.0
tRNA,0.7551867219917012,0.9891304347826086,0.8564705882352941,184.0
accuracy,0.8112244897959183,0.8112244897959183,0.8112244897959183,0.8112244897959183
macro avg,0.8526628153765441,0.7951479329459694,0.7952575221951417,392.0
weighted avg,0.8332645450868857,0.8112244897959183,0.7926857282666707,392.0
