,precision,recall,f1-score,support
rRNA,0.9545454545454546,1.0,0.9767441860465117,84.0
sRNA,0.9913793103448276,0.9274193548387096,0.9583333333333333,124.0
tRNA,0.973404255319149,0.9945652173913043,0.9838709677419355,184.0
accuracy,0.9744897959183674,0.9744897959183674,0.9744897959183674,0.9744897959183674
macro avg,0.9731096734031438,0.9739948574100046,0.9729828290405935,392.0
weighted avg,0.9750490705186229,0.9744897959183674,0.9742655689432562,392.0
