,precision,recall,f1-score,support
rRNA,1.0,0.9404761904761905,0.9693251533742331,84.0
sRNA,0.9435483870967742,0.9435483870967742,0.9435483870967742,124.0
tRNA,0.9629629629629629,0.9891304347826086,0.9758713136729221,184.0
accuracy,0.9642857142857143,0.9642857142857143,0.9642857142857143,0.9642857142857143
macro avg,0.9688371166865791,0.9577183374518577,0.9629149513813098,392.0
weighted avg,0.9647581254724111,0.9642857142857143,0.9642439658144216,392.0
