,precision,recall,f1-score,support
rRNA,0.583941605839416,0.9523809523809523,0.7239819004524886,84.0
sRNA,0.5192307692307693,0.43548387096774194,0.4736842105263158,124.0
tRNA,0.9139072847682119,0.75,0.8238805970149254,184.0
accuracy,0.6938775510204082,0.6938775510204082,0.6938775510204082,0.6938775510204082
macro avg,0.672359886612799,0.7126216077828982,0.6738489026645765,392.0
weighted avg,0.7183537006950952,0.6938775510204082,0.6916973254949452,392.0
