,precision,recall,f1-score,support
rRNA,0.8888888888888888,1.0,0.9411764705882353,8.0
sRNA,1.0,0.9696969696969697,0.9846153846153847,33.0
tRNA,1.0,1.0,1.0,10.0
accuracy,0.9803921568627451,0.9803921568627451,0.9803921568627451,0.9803921568627451
macro avg,0.9629629629629629,0.98989898989899,0.9752639517345401,51.0
weighted avg,0.982570806100218,0.9803921568627451,0.9808180285688937,51.0
