,precision,recall,f1-score,support
rRNA,0.963855421686747,0.9523809523809523,0.9580838323353292,84.0
sRNA,0.957983193277311,0.9193548387096774,0.9382716049382716,124.0
tRNA,0.9578947368421052,0.9891304347826086,0.9732620320855614,184.0
accuracy,0.9591836734693877,0.9591836734693877,0.9591836734693877,0.9591836734693877
macro avg,0.959911117268721,0.9536220752910793,0.956539156453054,392.0
weighted avg,0.9592000075689303,0.9591836734693877,0.958941160286369,392.0
