,precision,recall,f1-score,support
insertion,0.9444444444444444,0.9444444444444444,0.9444444444444444,18.0
integron,0.5,0.25,0.3333333333333333,8.0
transposon,0.8771929824561403,0.9433962264150944,0.9090909090909091,53.0
accuracy,0.8734177215189873,0.8734177215189873,0.8734177215189873,0.8734177215189873
macro avg,0.7738791423001948,0.7126135569531796,0.7289562289562289,79.0
weighted avg,0.8543193426604486,0.8734177215189873,0.8588415803605677,79.0
