,precision,recall,f1-score,support
rRNA,0.9111111111111111,0.9761904761904762,0.9425287356321839,84.0
sRNA,0.9478260869565217,0.8790322580645161,0.9121338912133892,124.0
tRNA,0.9625668449197861,0.9782608695652174,0.9703504043126684,184.0
accuracy,0.9464285714285714,0.9464285714285714,0.9464285714285714,0.9464285714285714
macro avg,0.940501347662473,0.9444945346067365,0.9416710103860805,392.0
weighted avg,0.9468777234213844,0.9464285714285714,0.9459731905538129,392.0
