,precision,recall,f1-score,support
0,0.951937984496124,0.9824,0.9669291338582677,2500.0
1,0.9818181818181818,0.9504,0.9658536585365854,2500.0
accuracy,0.9664,0.9664,0.9664,0.9664
macro avg,0.9668780831571528,0.9664,0.9663913961974266,5000.0
weighted avg,0.9668780831571531,0.9664,0.9663913961974268,5000.0
